title,company,location,published,link
"Bolsa de empleoTecnología, Sistemas y Telecomunicaciones",No company,No location,No date,https://www.bumeran.com.ar/empleos.html
TÉCNICO,Confidencial,No location,No date,No link
Soporte It nivel 1,Confidencial,No location,No date,No link
Service Desk Analyst (Inglés y Francés),mindIT HR Agency,No location,No date,No link
Fullstack Software Engineer (Remote-USD),Baires HR,3.0,No date,No link
Jefe de Infraestructura,Biferdil SRL,No location,No date,No link
Desarrollador,Tecnolab S.A.,No location,No date,No link
PHP Software engineer - Remoto - 1585,Aliantec,No location,No date,No link
Soporte de Sistema de Gestión | ERP - Mix (On Site & Remoto) - 1648,Aliantec,No location,No date,No link
Analista Técnico Funcional de Aplicaciones de Sucursales - Mix (On Site & Remoto),Aliantec,No location,No date,No link
Java Software Developer Sr - Remoto - 1670,Aliantec,No location,No date,No link
Analista Funcional Junior - On Site - Rosario - 1682,Aliantec,No location,No date,No link
Analista BI (Power BI) - Remoto - 1619,Aliantec,No location,No date,No link
Ejecutivo/a de Cuentas - Mix (On Site & Remoto) - 1625,Aliantec,No location,No date,No link
SysAdmin,Carolina Butler,No location,No date,No link
Analista Técnico Funcional de Préstamos y Garantías - Mix (On Site & Remoto) - 1644,Aliantec,No location,No date,No link
Soporte Tecnico,Carolina Butler,No location,No date,No link
Analista Funcional de Canales Digitales - Mix (On Site & Remoto) - 1662,Aliantec,No location,No date,No link
Analista de Redes Ssr./Sr. - Mix (On Site & Remoto) - 1674,Aliantec,No location,No date,No link
Sysadmin Linux - Mix (On Site & Remoto) - 1677,Aliantec,No location,No date,No link
Analista de Networking - Mix (On site - Remoto) - 1678,Aliantec,No location,No date,No link
